Name,Email,Phone,Address,Citizen ID
Lynn Reyes,seth29@example.org,548-506-5028x1480,"537 Parsons Junctions
West Christine, MT 96812",S8241818R
Carly Clark,zmclaughlin@example.com,+1-846-937-4386x965,"9410 Barbara Trace Suite 110
Lake Jason, NY 90838",S2875815Z
John Hammond,harrywolfe@example.com,001-504-577-0027,"61699 Ayers Groves
Port Stacey, AS 67473",T6935502D
Christopher Powers,tiffanyhernandez@example.net,826.266.4147,"02213 Cardenas Mall
Stephenmouth, OH 90804",S7729990F
Patrick Tran,laura80@example.com,(658)334-5238x503,"USS Logan
FPO AE 26239",S8999373L
Eric Norris,lhoward@example.org,+1-839-523-2293,"326 Martinez Land
Prattport, IA 30081",T8105795O
Tiffany Paul,fernandezdonald@example.com,896-865-7759x060,"142 Julie Ridges
West Jonathan, WI 60190",T6947363Q
Autumn Gilbert,irocha@example.net,791-569-4156x197,"850 Gomez Court Suite 926
Tinabury, KY 75995",T3257080Q
Robin Henderson,alexanderjohnson@example.net,001-711-979-4930x55219,"PSC 3402, Box 4638
APO AE 46360",T6404621Z
Eric French,mortonmichelle@example.com,4458082257,"09209 Lisa Valley
Amyside, MO 97981",T6863341G
Charles Wilson,ganderson@example.com,8528962456,"2131 Meyers Union Apt. 918
Melanieton, MP 51745",T6354276A
Shawn Parks,georgebrandon@example.net,7702874779,"USS Johnson
FPO AA 26303",S9807056K
Rebecca Moreno,alvaradojason@example.net,(999)370-4234x140,"70536 David Estates
Ramirezport, IL 59307",S6197364M
Michael Christensen,julie01@example.com,+1-481-354-1880x7419,"5971 Kane Estate
New Erinhaven, WA 38376",S5690011U
Molly Terry,kevinschmidt@example.com,+1-442-331-8093x85452,"887 Barnes Mountains
Catherinemouth, NH 47211",T8862533G
Ashley Miller,dana68@example.com,+1-275-273-0821x1970,"21198 Kayla Mills
Salasberg, AS 64227",S8160911O
Casey White,aarias@example.com,(868)990-9450,"0764 Cohen Groves Suite 192
Kathybury, MP 42407",T7008740F
Mr. Richard Jackson,charlesparker@example.net,001-630-868-0261x954,"6508 Murphy Neck Suite 888
New Michael, PA 40766",T9094892D
Tyler Ballard,sonya15@example.com,+1-261-226-3313x183,"0872 Anna Underpass Apt. 854
Meyersview, RI 78399",T8526948A
Danielle Velasquez,wbowman@example.org,(373)229-9849x3936,"60404 Michael Shores
Leside, AL 59036",S5646049S
John Knight,kathleenpowers@example.com,429-561-3381x706,"35761 Douglas Wall Suite 913
West Anthony, NY 42385",S0679758I
Aaron Allison,youngdaniel@example.net,+1-598-997-5100x5434,"31576 Gregory Hill
Port Johnborough, AR 67777",S6085802C
Michelle Williams,lrogers@example.net,5499176554,"7429 Robin Isle Suite 162
Port Brettborough, CO 18984",S8008801G
Kimberly Rojas,devin02@example.org,(891)977-5597x124,"935 Michael Shoals
East Jessica, SD 56329",S2494624D
Anna Hammond DVM,johnpeterson@example.org,4516059324,"PSC 4005, Box 3865
APO AA 82014",S8712722P
Christopher Richard,joy14@example.com,(837)212-0389,"436 Audrey Junction Suite 217
North Joseph, NM 22428",S5112804C
Jason Boyd,johnathanelliott@example.com,623.661.2961,"4007 Michelle Drive
Hernandezbury, SC 63289",S5621757R
Kim Steele,aguilarolivia@example.org,001-969-890-3174x7541,"Unit 9370 Box 0305
DPO AE 46082",T3204625H
Robert White,mark04@example.net,458-860-3453x82708,"241 Greene Creek
Davidchester, NE 60084",S7900608Y
Eddie Velasquez,robert44@example.com,870-200-0382,"USNS Nguyen
FPO AA 46891",S1814414B
Kimberly Weber,christopherross@example.org,001-555-967-9849x852,"72541 English Tunnel
Smithburgh, WA 72376",S6814662U
Veronica Taylor,dfritz@example.net,(809)204-1916x8891,"063 Travis Club Suite 149
Nathanborough, AR 69195",S0324598K
Mr. Jerome Yu DDS,bryantstacey@example.net,(641)632-4225,"228 Amber Plaza
North Jasonmouth, GU 61702",S5404257R
Jeffrey King,dannyroberts@example.net,001-624-801-5733x454,"971 Wilson Mount Suite 274
Quinnfurt, WI 95560",S0613267C
Claudia Lee,jeffrey94@example.net,001-752-591-0052x5626,"984 Diana Dale
Conleyland, ID 10495",S3582775H
Paul Glover,justin35@example.com,(704)263-7678x291,"7651 Kenneth Shoals
Hubbardbury, OH 05086",S4282233O
Annette Matthews,pwilliams@example.com,001-993-454-4872,"26947 Heather Plains
Smithmouth, UT 08320",T1672743N
Nathan West,edward81@example.org,595.544.6636x9313,"368 Grant Pine Suite 331
Port Brittany, OH 49817",S7009415Q
James Brown,tkent@example.com,577.527.3736,"14373 Susan View
Leahmouth, WV 78387",T6720698I
Benjamin Gregory,danielhernandez@example.com,921-870-6313x40112,"7994 Crawford Loop Apt. 502
Caseville, CA 47519",S9060843Y
Adam Matthews,mark49@example.com,280.999.8718,"070 Byrd Highway
North Gabrielleside, WY 57719",T5977534Y
Jacqueline Jacobs,greenealejandro@example.com,391-370-4784x94749,"974 Kaitlyn Radial
South Samanthafort, PR 62564",T2131493W
Kayla Craig,acevedozachary@example.net,715-523-1441x78353,"Unit 8693 Box 2659
DPO AA 71441",S8424335Q
Monica Hall,patricia05@example.org,001-975-258-3815,"Unit 5455 Box 4912
DPO AP 29344",T6217088Z
Nancy Norris DVM,rebeccamorton@example.com,001-549-792-3996x24913,"3714 Smith Loop Apt. 123
Lake Melissa, WY 94470",T5122980C
Ronald Rodriguez,qburnett@example.org,+1-942-795-4824,"095 Bowman Brooks
Riveraport, DE 75089",S9324356J
Jennifer Coleman,kenttravis@example.net,+1-800-921-6089x6962,"952 Oconnor Underpass Apt. 723
Mooreport, AS 44405",T8177885D
Kelly Lamb,fcain@example.net,001-201-997-3164,"PSC 6682, Box 3361
APO AA 10165",T7252522H
Rebecca Thompson,donna97@example.org,001-326-864-6631,"8306 Norman Locks Suite 794
Colleenland, TX 99905",S8123291V
Alexander Butler,imann@example.net,209-404-5527x57572,"590 Brooks Crescent Apt. 101
Ashleyton, MD 02010",T2517672N
